dataset,n_total,n_valid,parity_odd_med,parity_odd_p90,eta_slope_med,eta_knee_med,knee_over_radius_med,borgt_slope_med,purity_med,coverage_med
gka_oam_image_summary_v4.csv,88,60,0.5633641031164799,0.7314500906454154,0.1546087945534142,27.41973244147157,0.9499999999999997,-0.015585532409392774,0.2089224606752395,0.1673611111111111
gka_oam_image_summary_v4_5761427.csv,12,12,0.6212456474539737,0.8610021548071524,0.1252823914343057,52.278595317725745,0.9499999999999998,8.389160755092955e-19,0.0544930845499038,0.15625
gka_oam_image_summary_v4_additional.csv,5,5,0.5525511544475372,0.8560641697660891,0.6813046713313418,159.26421404682273,0.725,0.110204386067314,0.0092392051592469,0.0638888888888888
